audited_rounds,weighted_alignment_ratio,positive_alignment_fraction,objective_decrease_fraction,positive_without_descent_fraction,late_alignment_ratio,late_objective_decrease_fraction,harmful_mass_share,event_local_mass_fraction,ideal_local_ratio,memory_penalty_ratio,local_drift_ratio,heterogeneity_ratio,mean_curvature_remainder,mean_coordinate_events_per_audit,mean_aggregate_energy,mean_cancellation_fraction,max_memory_opposition_penalty,defect_to_target_fraction,max_alignment_identity_error,max_decomposition_identity_error,max_update_reconstruction_error,min_defect_bound_slack,regime,local_steps,partition_seed,train_seed,audit_stride,audit_protocol,reference_per_client,final_train_objective,final_test_ce,final_test_accuracy,final_worst_class_accuracy,coordinate_events_total,uplink_packetized_bits,unicast_hybrid_total_bits
31,10.09761124534974,0.935483870967742,0.935483870967742,0.0,15.617161066034557,1.0,0.0233700269070061,0.0057121597365424,32.16717984294392,0.0,-21.76119667542113,-0.3083719221730551,0.0003957724293561,431.61290322580646,545.741935483871,0.0008915593879285,0.0,0.2846393570283594,0.0,0.0,1.862645149230957e-09,0.0,iid,1,2500,72500,5,independent_single_round_replay,6000,0.7917701930999755,0.8101102709770203,0.7166,0.246,65908,1146112,20917632
31,10.108446720583444,0.967741935483871,0.967741935483871,0.0,14.78176301623226,1.0,0.021172190895979,0.005347691764144,31.5602578721365,0.0,-21.24414705485273,-0.2076640967003251,0.0003798795234178,402.258064516129,512.7741935483871,0.0064894594253337,0.0,0.3123571757403109,0.0,0.0,1.862645149230957e-09,0.0,iid,1,2600,72600,5,independent_single_round_replay,6000,0.8104186166763305,0.8048673868179321,0.7107,0.179,63508,1107392,20491712
31,10.142705907251036,0.967741935483871,0.967741935483871,0.0,14.071212158823284,1.0,0.0253462172268061,0.0056794274773167,32.66141960906172,0.0,-22.22451949331064,-0.2941942085000397,0.0003996908368464,427.9354838709677,536.7096774193549,0.0005873596159883,0.0,0.2995776068386427,0.0,0.0,1.862645149230957e-09,0.0,iid,1,2700,72700,5,independent_single_round_replay,6000,0.7957620315551758,0.8006651401519775,0.7184,0.278,65697,1142352,20876272
31,10.282065375533296,0.967741935483871,0.967741935483871,0.0,17.660453545388595,1.0,0.0206097178739932,0.0054979899216741,32.39230867172853,0.0,-21.858134111288155,-0.252109184907074,0.0003143840809694,413.9354838709677,517.2258064516129,0.0011912620534198,0.0,0.3012649862010375,0.0,0.0,0.0,0.0,iid,1,2800,72800,5,independent_single_round_replay,6000,0.7797658094406128,0.7969455122947693,0.7211,0.173,64399,1121712,20649232
31,10.820721186149065,0.967741935483871,0.967741935483871,0.0,17.947954445947925,1.0,0.0189080898363047,0.0056859267628283,34.28404026603452,0.0,-23.25103446094737,-0.2122846189380887,0.0003846767090645,415.0,518.2903225806451,0.0013215210480765,0.0,0.3380845455730475,0.0,0.0,0.0,0.0,iid,1,2900,72900,5,independent_single_round_replay,6000,0.7968195022583008,0.8017874956130981,0.7148,0.157,63644,1109504,20514944
31,10.341205311816646,0.967741935483871,0.967741935483871,0.0,15.40987159608315,1.0,0.0192912357755718,0.0056345729275307,31.091063521776054,0.0,-20.55192127914487,-0.1979369308145347,0.0004437134257852,421.6774193548387,537.2903225806451,0.0003705541770057,0.0,0.2924414111095005,0.0,0.0,0.0,0.0,iid,1,3000,73000,5,independent_single_round_replay,6000,0.7902550224304199,0.8128939867019653,0.7071,0.143,63540,1107776,20495936
31,10.393881976589876,0.967741935483871,0.967741935483871,0.0,15.536174459843531,1.0,0.0229606741925191,0.0056050663165823,32.464736093279775,0.0,-21.82206422135068,-0.2487898953392268,0.0003786311468921,418.3225806451613,532.9677419354839,0.0016261835986023,0.0,0.3065993235924036,0.0,0.0,1.862645149230957e-09,0.0,iid,1,3100,73100,5,independent_single_round_replay,6000,0.769716419506073,0.806350588798523,0.7167,0.148,64596,1124800,20683200
31,10.582389376311829,0.967741935483871,0.967741935483871,0.0,15.738679659931837,1.0,0.0222125323263414,0.0056219199906562,33.342975791221846,0.0,-22.48014735282086,-0.2804390620891544,0.0003889816610935,426.8709677419355,528.483870967742,0.000731791540204,0.0,0.3221379625496281,0.0,0.0,2.63417798684884e-09,0.0,iid,1,3200,73200,5,independent_single_round_replay,6000,0.7953882075309754,0.8044979572296143,0.7091,0.136,65282,1135712,20803232
31,10.484759667134234,0.967741935483871,0.967741935483871,0.0,15.225218220925424,1.0,0.0197747024489979,0.0056038490454259,32.30747870461491,0.0,-21.54592660111109,-0.2767924363695728,0.0004565565355028,418.3225806451613,523.8709677419355,0.0005865536160076,0.0,0.2952830720538451,0.0,0.0,1.862645149230957e-09,0.0,iid,1,3300,73300,5,independent_single_round_replay,6000,0.780087442111969,0.8011090755462646,0.7137,0.186,66755,1159280,21062480
31,10.366107242195728,0.935483870967742,0.935483870967742,0.0,17.676728733527803,1.0,0.0219821174538547,0.0059002438466489,34.936129655545635,0.0,-24.31483922906256,-0.2551831842873506,0.0005871307535579,450.7096774193548,569.8709677419355,0.0016582013856926,0.0,0.2981407572494958,0.0,0.0,3.725290298461914e-09,0.0,iid,1,3400,73400,5,independent_single_round_replay,6000,0.7949587824821472,0.8031962513923645,0.715,0.145,63726,1110432,20525152
31,45.68277573480203,1.0,0.967741935483871,0.032258064516129,18.33561095278233,0.9,0.0692697003823333,0.0191576453743444,109.3095244051978,0.0,-58.19529542386959,-5.4314532465261705,0.0072282033689424,1751.1935483870968,2869.709677419354,0.0299599603085427,0.0,0.2083663347263751,1.1102230246251563e-16,0.0,6.186113665762606e-08,1.4774732562727875e-05,iid,5,2500,72500,5,independent_single_round_replay,6000,0.4467611361980438,0.4767237305641174,0.8312,0.488,256069,4192720,54430320
31,47.10519617596956,1.0,0.935483870967742,0.064516129032258,22.34767201733379,0.8,0.0751042570996182,0.0187359064038621,109.54712131428946,0.0,-56.95616538755262,-5.485759750767265,0.0077662936038382,1718.0,2911.483870967742,0.0164658596555921,0.0,0.2112615847939467,1.1102230246251563e-16,0.0,6.300037824757966e-08,0.0,iid,5,2600,72600,5,independent_single_round_replay,6000,0.4763472232818603,0.4777374863624573,0.8323,0.483,256668,4202112,54533632
31,44.54781495282599,1.0,1.0,0.0,18.45098589076294,1.0,0.0735691123337298,0.0186132483426993,107.9957064635281,0.0,-58.2551338776613,-5.192757633040805,0.0062457641853561,1684.3870967741937,2779.6774193548385,0.016955311108184,0.0,0.2094525017627485,2.220446049250313e-16,2.220446049250313e-16,6.35213908140031e-08,0.000147913233377,iid,5,2700,72700,5,independent_single_round_replay,6000,0.4443309990882873,0.4768520891666412,0.8315,0.525,251844,4124928,53684608
31,42.55202815159147,1.0,1.0,0.0,13.708207285568076,1.0,0.0779837762537792,0.0190965256435364,107.79350199997366,0.0,-59.05952159478469,-6.181952253597508,0.0066587637960755,1779.451612903226,2897.8387096774195,0.0168692327372455,0.0,0.2023428924954186,1.1102230246251563e-16,1.1102230246251563e-16,6.46313722540981e-08,0.0005140742287039,iid,5,2800,72800,5,independent_single_round_replay,6000,0.4413407658576965,0.4736286103725433,0.8327,0.486,259855,4253168,55095248
31,47.605945811542334,1.0,0.967741935483871,0.032258064516129,23.396805625244763,0.9,0.0747344908349312,0.0195261738114096,115.72406348258072,0.0,-62.2918585973696,-5.82625907366879,0.0074182851659447,1786.548387096774,2941.516129032258,0.0172847889455881,0.0,0.2138234110843742,2.220446049250313e-16,2.220446049250313e-16,6.51925802230835e-08,0.0,iid,5,2900,72900,5,independent_single_round_replay,6000,0.4460754059314727,0.4742178618907928,0.832,0.537,258283,4227952,54817872
31,44.844398744411926,0.967741935483871,0.9032258064516128,0.064516129032258,19.837180378639744,0.8,0.0869193142346723,0.0201243194220811,115.33480796370256,0.0,-64.00239819570474,-6.4880110235859085,0.0073508682757737,1819.516129032258,2930.6129032258063,0.0175541045361266,0.0,0.2022102193488515,2.220446049250313e-16,2.220446049250313e-16,6.050013467984172e-08,0.0,iid,5,3000,73000,5,independent_single_round_replay,6000,0.4475120064258575,0.4781356453895569,0.8335,0.569,261931,4286256,55459216
31,44.017664418789536,0.935483870967742,0.8709677419354839,0.064516129032258,12.980899336341787,0.8,0.0801506529592991,0.0187867965097065,106.80643521454952,0.0,-57.45564417604984,-5.333126619710157,0.0070697453841623,1754.6129032258063,2870.548387096774,0.0177054960104708,0.0,0.2174544602139047,1.1102230246251563e-16,1.1102230246251563e-16,6.261369378535164e-08,0.0,iid,5,3100,73100,5,independent_single_round_replay,6000,0.4146797646999359,0.4753861725330353,0.8338,0.542,254139,4161584,54087824
31,44.06713302734551,1.0,0.935483870967742,0.064516129032258,17.260869015490936,0.8,0.0815022860952681,0.0192465687959221,114.41254889313004,0.0,-64.4255390848678,-5.919876780916738,0.0060952394114739,1790.483870967742,2853.3870967741937,0.0177599878316999,0.0,0.2063647415871068,1.1102230246251563e-16,1.1102230246251563e-16,6.032785648812934e-08,0.0,iid,5,3200,73200,5,independent_single_round_replay,6000,0.4509078217029572,0.4743231832981109,0.8376,0.555,261419,4278192,55370512
31,45.24088461135599,1.0,0.935483870967742,0.064516129032258,12.839079271709252,0.9,0.0739289741013179,0.0186473121470098,103.8610344874388,0.0,-53.63585907254857,-4.984290803534223,0.007747891677397,1709.7096774193549,2949.709677419354,0.0144622393607051,0.0,0.2013167446875302,1.1102230246251563e-16,1.1102230246251563e-16,6.695166376857743e-08,0.0,iid,5,3300,73300,5,independent_single_round_replay,6000,0.4360382284641266,0.4704092741012573,0.8372,0.543,248523,4071792,53100112
31,47.42869827369572,1.0,0.967741935483871,0.032258064516129,18.53915770995147,0.9,0.0668376856671458,0.0191491793897632,110.5720373070106,0.0,-57.48377514125248,-5.659563892062399,0.0078565184136846,1742.7096774193549,2943.483870967742,0.0158478002818323,0.0,0.2030004127051253,0.0,0.0,6.715862355122226e-08,0.0001857038005255,iid,5,3400,73400,5,independent_single_round_replay,6000,0.452925026845932,0.4770050644874573,0.8309,0.548,254464,4166912,54146432
31,18.61238159020753,0.967741935483871,0.8064516129032258,0.1612903225806451,18.69478601250485,0.6,0.3066916407556461,0.0581054412962047,446.5209720853098,0.0,-89.81418141904338,-338.0944090760589,0.0091096641856601,3371.032258064516,3226.8387096774195,0.1175065079818867,0.0,0.1215702940721053,8.881784197001252e-16,1.9539925233402755e-14,1.31708899342442e-09,0.4055964648723602,strong,1,2500,72500,5,independent_single_round_replay,6000,0.7862091835021973,0.800563633441925,0.7242,0.176,495026,8016416,96490976
31,20.59460578053526,0.967741935483871,0.9032258064516128,0.064516129032258,27.16479432459583,0.9,0.2981753351370517,0.056980998062284,456.3461011422789,0.0,-87.28680406820708,-348.46469129353665,0.0093728713453469,3339.1290322580644,3249.903225806452,0.1094805400457022,0.0,0.1405939383853083,4.440892098500626e-16,1.7763568394002505e-14,2.082500616396032e-09,0.4109677225351333,strong,1,2600,72600,5,independent_single_round_replay,6000,0.7611947431564331,0.7819592952728271,0.7386,0.205,519384,8406080,100777280
31,21.569645485663862,1.0,0.8709677419354839,0.1290322580645161,34.251720442017714,0.8,0.293480445345992,0.0578383492921897,526.5598165616257,0.0,-108.60262781242808,-396.3875432635338,0.0114635442168243,3470.2903225806454,3375.3870967741937,0.1116469159467716,0.0,0.1675589872829704,4.440892098500626e-16,1.7763568394002505e-14,1.31708899342442e-09,0.0048982193976661,strong,1,2700,72700,5,independent_single_round_replay,6000,0.7614466374397277,0.7919226288795471,0.7146,0.224,526542,8520672,102037792
31,20.026108780174635,0.967741935483871,0.8064516129032258,0.1612903225806451,23.974289747543036,0.6,0.2944277150681144,0.0584084633386948,441.513583537676,0.0,-86.27385486669287,-335.21361989080845,0.0105073868383634,3423.6774193548385,3286.1935483870966,0.1164967660324875,0.0,0.1136154658428836,8.881784197001252e-16,1.3322676295501878e-14,1.6130979885176087e-09,0.0,strong,1,2800,72800,5,independent_single_round_replay,6000,0.7636129364013672,0.7850520610809326,0.7292,0.182,528660,8554496,102409856
31,19.967687570194325,0.967741935483871,0.935483870967742,0.032258064516129,22.81758667010913,0.9,0.306458633471127,0.0562384690568135,460.87649103078553,0.0,-87.95894513864089,-352.9498583219502,0.0083448614382381,3373.935483870968,3228.5806451612902,0.1145084608017679,0.0,0.1489801360838192,1.7763568394002505e-15,1.4654943925052066e-14,1.31708899342442e-09,0.0928252525627613,strong,1,2900,72900,5,independent_single_round_replay,6000,0.771526050376892,0.7769493460655212,0.7324,0.211,526636,8522176,102054336
31,21.407364740187525,0.967741935483871,0.9032258064516128,0.064516129032258,23.98023404883405,0.8,0.284408133753289,0.057332023310154,456.41546973604943,0.0,-88.21644524254823,-346.7916597533136,0.0102201569607744,3400.967741935484,3337.870967741936,0.1079412154151551,0.0,0.1750005853153375,4.440892098500626e-16,1.2434497875801752e-14,1.31708899342442e-09,0.0023027211427688,strong,1,3000,73000,5,independent_single_round_replay,6000,0.7745864298820495,0.7872846126556396,0.7134,0.251,523621,8473936,101523696
31,20.156951322933786,1.0,0.9032258064516128,0.0967741935483871,26.225061027117853,0.8,0.2937355779052962,0.056591141849907,450.4595400249501,0.0,-86.02250042938236,-344.28008827263403,0.0083530390630307,3228.870967741936,3127.709677419354,0.1093794784738805,0.0,0.1220749734398267,4.440892098500626e-16,1.5987211554602254e-14,1.6130979885176087e-09,0.0,strong,1,3100,73100,5,independent_single_round_replay,6000,0.7541118658065796,0.7861948013305664,0.741,0.269,512591,8297456,99582416
31,19.581630658586416,0.967741935483871,0.9032258064516128,0.064516129032258,23.504326275233108,0.8,0.2978596867654845,0.0556204623738386,431.3535507143464,0.0,-76.96595810460074,-334.8059619511592,0.0089121248478833,3261.709677419354,3125.064516129032,0.1217337681124729,0.0,0.1777838320640131,8.881784197001252e-16,1.4210854715202004e-14,1.31708899342442e-09,0.0,strong,1,3200,73200,5,independent_single_round_replay,6000,0.7683377221107482,0.7632747292518616,0.7398,0.282,528074,8545184,102307424
31,19.767585168735916,0.967741935483871,0.8387096774193549,0.1290322580645161,25.768375226208143,0.7,0.3033287281759217,0.0602146755990903,481.4742682903963,0.0,-99.79609881685558,-361.9105843048048,0.0102463935866925,3511.8064516129034,3364.064516129032,0.1211532362813477,0.0,0.157347742033112,1.7763568394002505e-15,1.0658141036401504e-14,1.6130979885176087e-09,0.311961617320776,strong,1,3300,73300,5,independent_single_round_replay,6000,0.7605868168830872,0.7747752070426941,0.7379,0.184,518795,8396720,100674320
31,19.719241457786485,1.0,0.8709677419354839,0.1290322580645161,23.88863882443522,0.8,0.2972539997251217,0.0571206673493961,454.7564384000124,0.0,-90.80556601542538,-344.23163092680045,0.009471819138628,3267.935483870968,3128.7741935483878,0.1129373928574929,0.0,0.1635186749298395,8.881784197001252e-16,1.2434497875801752e-14,1.31708899342442e-09,0.0981587916612625,strong,1,3400,73400,5,independent_single_round_replay,6000,0.7884365692138672,0.7975800037384033,0.7213,0.166,502218,8131488,97756768
31,36.41927239749283,0.967741935483871,0.6129032258064516,0.3548387096774194,31.333608258119085,0.5,0.3127268853783924,0.074955211089129,342.3375821994669,0.0,432.56473720228473,-738.4830470042584,0.0160621395869557,6467.354838709677,6351.612903225807,0.1547503557582508,0.0,0.1785900990513258,3.552713678800501e-15,3.0198066269804264e-14,2.7939677238464355e-09,17.002662209600608,strong,5,2500,72500,5,independent_single_round_replay,6000,0.4456064649105072,0.4772656261920929,0.8313,0.54,993627,15994032,184244752
31,34.92770922903739,1.0,0.6774193548387096,0.3225806451612903,30.53247292146065,0.5,0.3050068333028328,0.0770859125744845,309.71746662803275,0.0,387.5431782029618,-662.3329356019572,0.0170056102910874,6502.354838709677,6367.580645161291,0.1572033254601907,0.0,0.1078482904904305,3.552713678800501e-15,2.664535259100376e-14,4.5625303535246076e-09,17.93321117850659,strong,5,2600,72600,5,independent_single_round_replay,6000,0.4433306695461273,0.4771980345249176,0.8324,0.542,977458,15735328,181399008
31,35.92798256351703,1.0,0.7419354838709677,0.2580645161290322,24.670451927513128,0.7,0.3127481722866381,0.0759188257147237,323.00933362934694,0.0,413.9610738697518,-701.0424249355817,0.0166102846455885,6519.064516129032,6390.419354838709,0.1531483610357603,0.0,0.1143182386796848,1.7763568394002505e-15,3.5527136788005016e-14,5.890201215663637e-09,16.658619451364878,strong,5,2700,72700,5,independent_single_round_replay,6000,0.4196522421360016,0.4769613146781921,0.8328,0.602,998215,16067440,185052240
31,35.648940840603046,0.967741935483871,0.5483870967741935,0.4193548387096774,22.763461026417225,0.2,0.3158193726882065,0.0776108329458556,334.5884383474903,0.0,409.8666913530782,-708.8061888599655,0.0171963935981705,6538.967741935484,6419.225806451613,0.1590146224695034,0.0,0.1334727004582354,7.105427357601002e-15,2.131628207280301e-14,4.5625303535246076e-09,17.066061301533495,strong,5,2800,72800,5,independent_single_round_replay,6000,0.4399523089408874,0.4858018457889557,0.8283,0.504,975594,15705504,181070944
31,38.77736591647064,1.0,0.8709677419354839,0.1290322580645161,30.319632612916987,0.7,0.2986405156958295,0.0762001043557681,308.1924587693183,0.0,397.3367325116478,-666.7518253644953,0.0176649226260873,6488.709677419355,6378.322580645161,0.1554263981624463,0.0,0.1093996404822825,7.105427357601002e-15,4.263256414560601e-14,2.2812651767623038e-09,16.847951709310234,strong,5,2900,72900,5,independent_single_round_replay,6000,0.4556789383888244,0.47575643658638,0.8318,0.603,980547,15784752,181942672
31,33.38758942409771,1.0,0.6451612903225806,0.3548387096774194,16.034893248165083,0.2,0.3144995943269308,0.0751171676118221,276.46105599577686,0.0,373.74915345882295,-616.8226200305021,0.0188259888394766,6583.354838709677,6522.193548387097,0.1517009081150928,0.0,0.1277886057623252,1.7763568394002505e-15,4.796163466380676e-14,4.165001232792065e-09,16.90266147192989,strong,5,3000,73000,5,independent_single_round_replay,6000,0.4540726459503174,0.4838041067123413,0.8296,0.516,1014921,16334736,187992496
31,34.37627414677809,1.0,0.6774193548387096,0.3225806451612903,20.25648611653479,0.6,0.3115614860683714,0.0736486075207782,311.52591076873824,0.0,393.3014656474384,-670.4511022693986,0.0157899316554402,6250.709677419355,6143.806451612903,0.1514049633925322,0.0,0.1175586745620609,1.7763568394002505e-15,2.4868995751603507e-14,4.165001232792065e-09,16.721842190012936,strong,5,3100,73100,5,independent_single_round_replay,6000,0.4205339071273803,0.4775005877017975,0.831,0.585,972529,15656464,180531504
31,35.652850862958466,1.0,0.6774193548387096,0.3225806451612903,27.68708147886247,0.2,0.3146432413954565,0.0761601719772103,338.32106156020086,0.0,443.4152228177842,-746.0834335150266,0.016478371730359,6384.354838709677,6287.064516129032,0.1518592509275606,0.0,0.1245221189316456,8.881784197001252e-16,3.0198066269804264e-14,4.165001232792065e-09,17.326983827260467,strong,5,3200,73200,5,independent_single_round_replay,6000,0.4551063422679901,0.4741753041744232,0.8355,0.565,972521,15656336,180530096
31,33.84567640143538,0.967741935483871,0.7096774193548387,0.2580645161290322,24.39663692793358,0.6,0.3129889008314118,0.07354978953217,284.47599625650804,0.0,370.19531747382985,-620.8256373289023,0.0153235684128345,6359.258064516129,6275.193548387097,0.1508180386097802,0.0,0.1452893187777509,1.7763568394002505e-15,2.4868995751603507e-14,4.5625303535246076e-09,16.42222179877362,strong,5,3300,73300,5,independent_single_round_replay,6000,0.4400411548137665,0.4713324606418609,0.8346,0.567,986763,15884208,183036688
31,35.03963171262899,1.0,0.8064516129032258,0.1935483870967742,26.328746336194406,0.6,0.311158102551323,0.0750812666400902,303.70261649211176,0.0,382.59212435698527,-651.2551091364679,0.0156421116110978,6485.83870967742,6410.419354838709,0.152014028101162,0.0,0.1093035872869654,7.105427357601002e-15,2.8421709430404014e-14,4.5625303535246076e-09,18.554889971387954,strong,5,3400,73400,5,independent_single_round_replay,6000,0.4499074459075928,0.4730588495731354,0.8344,0.552,986373,15877968,182968048
