round,jump,reference_size,reference_objective_before,reference_objective_after,objective_change,gradient_sq_norm,gradient_norm,coordinate_events,aggregate_nonzeros,aggregate_l1,aggregate_energy,event_energy_ratio,cancellation_fraction,descent_mass,harmful_mass,net_alignment,inner_product_alignment,alignment_identity_error,alignment_ratio,harmful_share,first_order_change,curvature_remainder,objective_decreased,net_alignment_positive,update_reconstruction_error,ideal_local_mass,memory_opposition_penalty,local_drift_term,heterogeneity_term,silent_local_mass,event_local_mass_fraction,decomposition_alignment,decomposition_identity_error,kappa_gradient_sq,defect,coverage_deficit,memory_penalty,drift_penalty,heterogeneity_penalty,defect_upper_bound,defect_bound_slack,regime,local_steps,partition_seed,train_seed
1.0,0.0049950273089797445,60000.0,2.305176560688019,2.3051765731334686,1.2445449559805866e-08,0.6123968140337203,0.7825578662525349,10.0,10.0,10.0,10.0,0.1,0.0,0.019782862160354853,0.019782892428338528,-3.026798367500305e-08,-3.026798367500305e-08,0.0,-4.942544275440403e-08,0.5000003825022926,1.5118940504439334e-10,1.2294260154761472e-08,0.0,0.0,0.0,4.819339420646429,0.0,-0.3201025687158108,-4.499236882198602,2715.0156473446327,0.0017719234600986242,-3.026798367500305e-08,0.0,4.899174512269762,4.899174542537746,0.07983509162333302,0.0,0.3201025687158108,4.499236882198602,4.899174542537746,0.0,strong,1,3200,73200
5.0,0.004975664333249537,60000.0,2.297479500579834,2.295030547094345,-0.002448953485489014,0.5412378282830328,0.7356886761960068,402.0,350.0,356.0,370.0,0.09203980099502487,0.11442786069651745,1.1810319625994197,0.268992691020685,0.9120392715787347,0.9120392715787347,0.0,1.6850989046201634,0.1855090465869824,-0.004538001274117198,0.0020890477886281846,1.0,1.0,0.0,27.130571177694947,0.0,-1.5108288900228217,-24.70770301609339,2457.2996610830955,0.0109202387031841,0.9120392715787347,0.0,4.329902626264262,3.4178633546855277,0.0,0.0,1.5108288900228217,24.70770301609339,26.218531906116212,22.800668551430682,strong,1,3200,73200
10.0,0.004952571291072609,60000.0,2.21391978135109,2.185965064144135,-0.02795471720695497,0.3429321538174575,0.5856040930675412,2998.0,2230.0,2400.0,2758.0,0.09199466310873916,0.19946631087391598,10.095653407715748,2.743701552088538,7.35195185562721,7.35195185562721,0.0,21.438502554475097,0.21369465683269506,-0.03641106569352731,0.00845634848657234,1.0,1.0,0.0,88.41159016592428,0.0,-7.836388424397228,-73.22324988589985,1417.8027458207487,0.05869788120693239,7.351951855627206,3.552713678800501e-15,2.74345723053966,0.0,0.0,0.0,7.836388424397228,73.22324988589985,81.05963831029707,81.05963831029707,strong,1,3200,73200
15.0,0.004930605096731035,60000.0,2.0966679276943205,2.057004090213776,-0.03966383748054447,0.4202185591701276,0.6482426699702262,2975.0,2503.0,2655.0,2991.0,0.10053781512605042,0.10756302521008398,12.8013961549445,2.4600801290930603,10.341316025851441,10.341316025851441,0.0,24.609374812654828,0.1611954232544418,-0.05098894550396944,0.01132510802342497,1.0,1.0,0.0,91.79862363933353,0.0,-9.160458579848637,-72.29684903363345,1432.4751395808357,0.06022449894131908,10.341316025851441,0.0,3.361748473361021,0.0,0.0,0.0,9.160458579848637,72.29684903363345,81.45730761348209,81.45730761348209,strong,1,3200,73200
20.0,0.004909665222809563,60000.0,1.8899244640350346,1.8600117170333863,-0.029912747001648254,0.32641155394510757,0.5713243859184619,2990.0,2562.0,2668.0,2898.0,0.09692307692307692,0.10769230769230764,10.165377002113045,2.6052497701837525,7.560127231929293,7.560127231929293,0.0,23.161334641973717,0.2040032816427849,-0.037117693750618776,0.007204946748970521,1.0,1.0,0.0,69.83350702736061,0.0,-5.748207945784088,-56.52517184964723,1299.0200348405415,0.05101605459709562,7.560127231929293,0.0,2.6112924315608605,0.0,0.0,0.0,5.748207945784088,56.52517184964723,62.27337979543132,62.27337979543132,strong,1,3200,73200
25.0,0.004889663842714643,60000.0,1.7431123996734623,1.7203370388984678,-0.022775360774994535,0.3136116182310635,0.5600103733245158,3319.0,2712.0,2885.0,3257.0,0.09813196746007834,0.13076227779451643,10.749011539874198,4.045029944190616,6.703981595683582,6.703981595683582,0.0,21.376700370661037,0.27342291479631586,-0.03278021641063843,0.010004855635643892,1.0,1.0,9.313225746154785e-10,82.7161231014179,0.0,-7.558609311585315,-68.453532194149,1260.9592438054278,0.06155960370980921,6.703981595683587,4.440892098500626e-15,2.508892945848508,0.0,0.0,0.0,7.558609311585315,68.453532194149,76.01214150573432,76.01214150573432,strong,1,3200,73200
30.0,0.004870523791274274,60000.0,1.6138013730049132,1.5895435616493225,-0.024257811355590686,0.24881570047575924,0.4988142945784125,2892.0,2476.0,2576.0,2816.0,0.09737206085753804,0.1092669432918395,8.820777325078105,2.9036158903345264,5.917161434743578,5.917161434743578,0.0,23.781302479825044,0.24765596282778168,-0.028819675544729216,0.00456186418913853,1.0,1.0,0.0,68.86224626621697,0.0,-2.5934351570904255,-60.35164967438297,1192.9704287630466,0.054573199465309426,5.917161434743576,1.7763568394002505e-15,1.990525603806074,0.0,0.0,0.0,2.5934351570904255,60.35164967438297,62.945084831473395,62.945084831473395,strong,1,3200,73200
35.0,0.00485217691736981,60000.0,1.5034075104713442,1.4800256422042848,-0.023381868267059458,0.1995725316125701,0.4467354156685701,3114.0,2632.0,2744.0,2982.0,0.09576107899807322,0.11881824020552345,9.417652124763446,3.2369618615166296,6.180690263246817,6.180690263246816,8.881784197001252e-16,30.969644035209125,0.2557930147080022,-0.02998980262873854,0.006607934361679082,1.0,1.0,0.0,87.71428667532746,0.0,-14.76161938524092,-66.77197702683972,1324.631028740073,0.06210541127438713,6.180690263246817,0.0,1.5965802529005608,0.0,0.0,0.0,14.76161938524092,66.77197702683972,81.53359641208064,81.53359641208064,strong,1,3200,73200
40.0,0.004834562741728745,60000.0,1.4208686017036443,1.4026573856353761,-0.018211216068268143,0.1949065013072494,0.4414821642006044,3540.0,2941.0,3140.0,3548.0,0.10022598870056497,0.11299435028248583,10.535658412487361,3.190734772341113,7.3449236401462485,7.3449236401462485,0.0,37.68434398485126,0.2324525262665339,-0.035509494171493725,0.01729827810322558,1.0,1.0,0.0,107.73562590620713,0.0,-24.815877109154826,-75.57482515690606,1284.3005765746739,0.07739427014484333,7.3449236401462485,0.0,1.5592520104579952,0.0,0.0,0.0,24.815877109154826,75.57482515690606,100.39070226606088,100.39070226606088,strong,1,3200,73200
45.0,0.004817627354629756,60000.0,1.3534399472236633,1.3425090885162354,-0.010930858707427937,0.1635178690682569,0.40437342774749296,2696.0,2179.0,2268.0,2458.0,0.09117210682492581,0.15875370919881304,6.2379921005815415,3.173254335151828,3.0647377654297134,3.0647377654297134,0.0,18.742525100730163,0.3371768401583199,-0.014764764493501059,0.003833905786073122,1.0,1.0,0.0,66.07418898347532,0.0,-1.1472817733947522,-61.86216944465086,1128.8447044333338,0.055295961380725664,3.0647377654297117,1.7763568394002505e-15,1.3081429525460553,0.0,0.0,0.0,1.1472817733947522,61.86216944465086,63.00945121804561,63.00945121804561,strong,1,3200,73200
50.0,0.00480132250396109,60000.0,1.2887859090805056,1.284833199596405,-0.003952709484100536,0.15246197258459654,0.3904637916434718,3329.0,2795.0,2907.0,3137.0,0.09423250225292881,0.1267647942325022,7.703207900749931,3.8835662585980515,3.819641642151879,3.819641642151879,0.0,25.053077678320577,0.3351723443634108,-0.01833933137353071,0.014386621889430174,1.0,1.0,0.0,87.74134742299793,0.0,-14.55425849969015,-69.3674472811559,1265.7642702276462,0.064825255454274,3.819641642151879,0.0,1.2196957806767723,0.0,0.0,0.0,14.55425849969015,69.3674472811559,83.92170578084605,83.92170578084605,strong,1,3200,73200
55.0,0.004785604835599704,60000.0,1.24252514667511,1.2257466923713682,-0.016778454303741697,0.24319004486487641,0.4931430267831802,3164.0,2721.0,2824.0,3036.0,0.09595448798988622,0.10745891276864727,9.721997873464122,3.9951939594514556,5.726803914012667,5.726803914012667,0.0,23.548677402459663,0.2912545080739226,-0.027406220503430327,0.01062776619968863,1.0,1.0,0.0,92.95078213879606,0.0,-9.030041646632526,-78.19393657815087,1245.8948443492409,0.06942606399112482,5.726803914012663,3.552713678800501e-15,1.9455203589190113,0.0,0.0,0.0,9.030041646632526,78.19393657815087,87.2239782247834,87.2239782247834,strong,1,3200,73200
60.0,0.004770435256643361,60000.0,1.1981811567306517,1.1861584996223453,-0.012022657108306412,0.15313118817016397,0.39131980293637575,3742.0,3028.0,3162.0,3440.0,0.09192944949225014,0.15499732763228224,7.172981686734282,3.3145878115616796,3.8583938751726023,3.8583938751726023,0.0,25.19665602597584,0.31604918681113287,-0.018406218176140184,0.006383561067833773,1.0,1.0,0.0,100.55491904742667,0.0,-16.588429089089914,-80.10809608316416,1390.9627444752414,0.06741785330918304,3.8583938751725952,7.105427357601002e-15,1.2250495053613117,0.0,0.0,0.0,16.588429089089914,80.10809608316416,96.69652517225407,96.69652517225407,strong,1,3200,73200
65.0,0.00475577839845971,60000.0,1.158182463645935,1.1482469143867493,-0.009935549259185716,0.12157085066483235,0.348670117252443,2714.0,2261.0,2352.0,2546.0,0.09380987472365512,0.13338246131171705,5.300646241289872,2.2870621753223412,3.013584065967531,3.013584065967531,0.0,24.78870592323075,0.3014167189549802,-0.014331938002870765,0.004396388743685049,1.0,1.0,0.0,78.0530616940814,0.0,-8.053554895439447,-66.98592273267442,1244.1802303017812,0.059031233116406547,3.0135840659675353,4.440892098500626e-15,0.9725668053186588,0.0,0.0,0.0,8.053554895439447,66.98592273267442,75.03947762811387,75.03947762811387,strong,1,3200,73200
70.0,0.004741602161394329,60000.0,1.1230999040126801,1.1132416683197022,-0.009858235692977946,0.15477820990966712,0.39341861917004783,3294.0,2866.0,2958.0,3152.0,0.09568913175470553,0.10200364298724951,6.549509161584931,2.8114529696972954,3.7380561918876354,3.7380561918876354,0.0,24.151049389117947,0.30033803473064513,-0.017724375318867867,0.007866139625889921,1.0,1.0,0.0,86.6491169204528,0.0,-8.435462609550086,-74.47559811901507,1158.0800797576921,0.06961282594776158,3.7380561918876367,1.3322676295501878e-15,1.238225679277337,0.0,0.0,0.0,8.435462609550086,74.47559811901507,82.91106072856516,82.91106072856516,strong,1,3200,73200
75.0,0.0047278773267132815,60000.0,1.0775459515571595,1.0739951203346252,-0.003550831222534301,0.08348529142304854,0.2889382138503811,4522.0,3626.0,3814.0,4200.0,0.09287925696594428,0.1565678903140203,5.33736519266418,3.1987586559492343,2.1386065367149456,2.1386065367149456,0.0,25.616566706078732,0.37473198757171644,-0.010111069355695406,0.006560238133161105,1.0,1.0,9.313225746154785e-10,123.5245707895956,0.0,-36.05603822854391,-85.32992602433674,1467.2471724514435,0.07765071973049169,2.1386065367149456,0.0,0.6678823313843884,0.0,0.0,0.0,36.05603822854391,85.32992602433674,121.38596425288065,121.38596425288065,strong,1,3200,73200
80.0,0.0047145772242381395,60000.0,1.0453719234466554,1.0420971086502075,-0.003274814796447867,0.09875495526601692,0.31425301154645585,3486.0,2954.0,3130.0,3500.0,0.10040160642570281,0.102122776821572,5.289967980808786,2.745196449740515,2.544771531068271,2.544771531068271,0.0,25.768545226043614,0.3416478248165542,-0.01199752190126409,0.008722707104816223,1.0,1.0,0.0,87.62463049773942,0.0,-20.652137041371134,-64.4277219253,1571.8452621980719,0.052802784120049975,2.544771531068278,7.105427357601002e-15,0.7900396421281354,0.0,0.0,0.0,20.652137041371134,64.4277219253,85.07985896667114,85.07985896667114,strong,1,3200,73200
85.0,0.0047016774463746235,60000.0,1.0240407634735107,1.007006979751587,-0.017033783721923657,0.264417670630549,0.5142155876969785,4027.0,3255.0,3425.0,3785.0,0.09399056369505836,0.1494909361807797,10.0739786946001,4.66514007067515,5.40883862392495,5.40883862392495,0.0,20.455662479087167,0.31651417869472803,-0.025430614569187892,0.008396830847264235,1.0,1.0,9.313225746154785e-10,117.75780900381505,0.0,-28.88525388463131,-83.46371649525881,1501.0897218034586,0.07274175409533012,5.408838623924936,1.4210854715202004e-14,2.115341365044392,0.0,0.0,0.0,28.88525388463131,83.46371649525881,112.34897037989012,112.34897037989012,strong,1,3200,73200
90.0,0.0046891556009951265,60000.0,0.9846460870742798,0.9773194862365723,-0.007326600837707531,0.1254209691771013,0.35414823051527633,3298.0,2790.0,2934.0,3252.0,0.09860521528198908,0.11036992116434208,5.667101237895784,2.74306495163867,2.9240362862571136,2.924036286257114,4.440892098500626e-16,23.313775243820782,0.3261606120283472,-0.013711261129215533,0.006384660291508002,1.0,1.0,0.0,91.31539849739056,0.0,-21.00369475925254,-67.3876674518809,1332.0223867759523,0.0641558170113878,2.9240362862571203,6.661338147750939e-15,1.0033677534168104,0.0,0.0,0.0,21.00369475925254,67.3876674518809,88.39136221113344,88.39136221113344,strong,1,3200,73200
95.0,0.0046769910970246124,60000.0,0.9572978247642517,0.9557283197879792,-0.0015695049762725066,0.07789340145638288,0.27909389362073633,3209.0,2799.0,2899.0,3105.0,0.09675911498909318,0.09660330320972266,4.8418613225749105,2.086774918817947,2.7550864037569633,2.7550864037569633,0.0,35.369958844327776,0.301181191523838,-0.012885514581904874,0.011316009605632367,1.0,1.0,0.0,84.96916582691483,0.0,-18.306867330204113,-63.90721209295376,1440.5182583180977,0.0556996829223534,2.7550864037569553,7.993605777301127e-15,0.623147211651063,0.0,0.0,0.0,18.306867330204113,63.90721209295376,82.21407942315787,82.21407942315787,strong,1,3200,73200
100.0,0.004665164957684037,60000.0,0.9349961195468903,0.9265601123332977,-0.008436007213592611,0.1484169121634747,0.3852491559542664,3103.0,2677.0,2771.0,2969.0,0.09568159845310989,0.10699323235578473,6.133567500559771,3.245262034437264,2.8883054661225067,2.8883054661225067,0.0,19.460757025730096,0.3460199401564547,-0.013474421447641978,0.005038414234049366,1.0,1.0,0.0,75.70789561083075,0.0,-10.743913132846501,-62.075677011861735,1379.3028951510723,0.052032532055096996,2.8883054661225103,3.552713678800501e-15,1.1873352973077975,0.0,0.0,0.0,10.743913132846501,62.075677011861735,72.81959014470823,72.81959014470823,strong,1,3200,73200
105.0,0.004653659657229245,60000.0,0.9104139422416688,0.9039155066967011,-0.006498435544967762,0.09481889311629568,0.30792676583287737,3271.0,2828.0,2941.0,3175.0,0.09706511770100887,0.10088657902782028,4.938969521396686,2.5801438177684304,2.3588257036282556,2.3588257036282556,0.0,24.877169792892943,0.3431446902561142,-0.010977172015410201,0.004478736470442439,1.0,1.0,0.0,73.11710240173852,0.0,-10.162739697261713,-60.59553700084855,1409.018462164056,0.04933226362674784,2.3588257036282556,0.0,0.7585511449303655,0.0,0.0,0.0,10.162739697261713,60.59553700084855,70.75827669811027,70.75827669811027,strong,1,3200,73200
110.0,0.00464245897773481,60000.0,0.8978835621833802,0.8852641393184663,-0.01261942286491391,0.21510614860665908,0.46379537363654144,4447.0,3744.0,3901.0,4231.0,0.0951427928940859,0.12277940184393976,9.845599942601073,4.459700965774478,5.385898976826595,5.385898976826595,0.0,25.038331129600554,0.3117516362877335,-0.02500381505814135,0.012384392193227442,1.0,1.0,9.313225746154785e-10,136.5600580906903,0.0,-44.99064902770988,-86.18351008615383,1616.2380362097974,0.0779097481533885,5.3858989768265815,1.3322676295501878e-14,1.7208491888532726,0.0,0.0,0.0,44.99064902770988,86.18351008615383,131.1741591138637,131.1741591138637,strong,1,3200,73200
115.0,0.0046315478830482384,60000.0,0.8646320478439331,0.8596990985393524,-0.004932949304580658,0.07773088966257234,0.2788025998131516,3285.0,2786.0,2867.0,3035.0,0.0923896499238965,0.1272450532724505,4.052756575601601,2.0842415556152503,1.9685150199863504,1.9685150199863504,0.0,25.32474578036634,0.3396190631073216,-0.009117271573566442,0.004184322268985784,1.0,1.0,1.31708899342442e-09,69.96784624760039,0.0,-7.394581490671953,-60.60474973694209,1275.3681229638642,0.05200771245907468,1.9685150199863486,1.7763568394002505e-15,0.6218471173005787,0.0,0.0,0.0,7.394581490671953,60.60474973694209,67.99933122761405,67.99933122761405,strong,1,3200,73200
120.0,0.004620912407508785,60000.0,0.8488488754749298,0.8461113774776459,-0.0027374979972839553,0.08200480696914593,0.28636481447472895,3810.0,3070.0,3180.0,3406.0,0.08939632545931758,0.16535433070866146,4.754685693402321,2.7767667768264546,1.9779189165758662,1.9779189165758662,0.0,24.11954847134818,0.36868941121288223,-0.009139790062651754,0.006402292065367798,1.0,1.0,0.0,100.86625941839884,0.0,-22.37945319558912,-76.50888730623385,1470.9339084091334,0.06417244474392149,1.9779189165758737,7.549516567451064e-15,0.6560384557531674,0.0,0.0,0.0,22.37945319558912,76.50888730623385,98.88834050182297,98.88834050182297,strong,1,3200,73200
125.0,0.004610539557408639,60000.0,0.8245371985435485,0.839509190607071,0.01497199206352251,0.04658849199701034,0.21584367490619302,4683.0,3665.0,4007.0,4701.0,0.10038436899423446,0.14435191116805468,3.428837177041814,2.1888592146588266,1.2399779623829872,1.2399779623829872,0.0,26.61554193388699,0.3896364385039675,-0.005716967445881723,0.020688959509404234,0.0,1.0,0.0,120.25870907775243,0.0,-34.67337689175474,-84.3453542236147,1660.5226042269896,0.06753143026561666,1.23997796238298,7.105427357601002e-15,0.3727079359760827,0.0,0.0,0.0,34.67337689175474,84.3453542236147,119.01873111536945,119.01873111536945,strong,1,3200,73200
130.0,0.004600417223489586,60000.0,0.8184052531242371,0.8080959788322448,-0.010309274291992243,0.24987685400517318,0.49987683883650097,3833.0,3202.0,3381.0,3751.0,0.09786068353769893,0.11792329767805898,8.824769791359346,3.3006036152797584,5.5241661760795875,5.524166176079587,8.881784197001252e-16,22.10755453150223,0.27220634817502215,-0.02541346922185514,0.015104194929862896,1.0,1.0,9.313225746154785e-10,91.11311557364388,0.0,-10.642870787387437,-74.94607861017685,1474.5333671679236,0.05819520343704781,5.524166176079589,1.7763568394002505e-15,1.9990148320413854,0.0,0.0,0.0,10.642870787387437,74.94607861017685,85.58894939756429,85.58894939756429,strong,1,3200,73200
135.0,0.004590534103028645,60000.0,0.7966530855655669,0.8171434983253478,0.020490412759780918,0.09878837557726468,0.3143061812584421,4076.0,3391.0,3678.0,4274.0,0.1048577036310108,0.09764474975466142,6.782805939632086,2.506171509363492,4.276634430268594,4.276634430268594,0.0,43.29086702031798,0.26980058064781776,-0.01963203619833446,0.04012244895811538,0.0,1.0,9.313225746154785e-10,98.93658635002794,0.0,-24.779752999398625,-69.88019892036073,1529.8857225983284,0.06074117833878762,4.276634430268587,7.105427357601002e-15,0.7903070046181174,0.0,0.0,0.0,24.779752999398625,69.88019892036073,94.65995191975935,94.65995191975935,strong,1,3200,73200
140.0,0.004580879630282233,60000.0,0.7847341764450073,0.7843395894527436,-0.0003945869922636902,0.10016980489631364,0.3164961372533852,4155.0,3484.0,3621.0,3905.0,0.09398315282791816,0.12851985559566792,5.381327545565202,3.7493085227999856,1.632019022765216,1.632019022765216,0.0,16.2925247229395,0.4106294999304783,-0.007476082697618294,0.007081495705354604,1.0,1.0,0.0,109.63918949943036,0.0,-29.65918335697279,-78.34798711969235,1599.5685960812625,0.06414620295108305,1.6320190227652205,4.440892098500626e-15,0.8013584391705091,0.0,0.0,0.0,29.65918335697279,78.34798711969235,108.00717047666514,108.00717047666514,strong,1,3200,73200
145.0,0.004571443914238426,60000.0,0.7652456487178803,0.763712160730362,-0.0015334879875182894,0.08387477400855808,0.28961141898854414,2640.0,2330.0,2404.0,2570.0,0.09734848484848485,0.08939393939393936,3.0949960344596352,2.5008433414266467,0.5941526930329886,0.5941526930329886,0.0,7.083806782863758,0.44691120910355964,-0.0027161357126940272,0.0011826477251757378,1.0,1.0,0.0,55.59021332679549,0.0,-5.631525043621878,-49.364535590140626,1442.2089678012026,0.03711459722185874,0.5941526930329886,0.0,0.6709981920684647,0.0768454990354761,0.0,0.0,5.631525043621878,49.364535590140626,54.996060633762504,54.919215134727025,strong,1,3200,73200
150.0,0.004562217682777404,60000.0,0.752145391368866,0.7493657246112824,-0.0027796667575836764,0.0692042266674585,0.26306696232605586,4089.0,3263.0,3381.0,3619.0,0.08850574712643679,0.17314746881878207,4.286821354626659,2.9794729398476214,1.307348414779038,1.307348414779038,0.0,18.891164279042293,0.4100402239575389,-0.005964408055455936,0.0031847412978722595,1.0,1.0,0.0,105.89007301110541,0.0,-23.918680918528025,-80.66404367779835,1581.146631141819,0.06276690527861024,1.3073484147790424,4.440892098500626e-15,0.553633813339668,0.0,0.0,0.0,23.918680918528025,80.66404367779835,104.58272459632637,104.58272459632637,strong,1,3200,73200
