assignment,configuration,test_ce,test_accuracy,worst_class_accuracy,payload_bits,whole_train_objective
identity,full,0.738927,0.7156,0.380,1986127104,1.203934
identity,ef_2p5,0.803085,0.6790,0.325,72877260,1.280237
identity,events_selected,0.843639,0.6961,0.024,55528528,1.196584
reverse,full,0.789971,0.6912,0.118,1986127104,1.297884
reverse,ef_2p5,0.871925,0.6697,0.059,72877260,1.257084
reverse,events_selected,0.775997,0.7174,0.362,53550288,1.153453
mixed,full,0.861791,0.6654,0.130,1986127104,1.317573
mixed,ef_2p5,0.924975,0.6331,0.327,72877260,1.365287
mixed,events_selected,0.850652,0.6762,0.000,46855888,1.266404
